last_name,first_name,email_address,homephone,street,city,state,zipcode,district
Browne,Mary,arnfe015@jumpstartlab.com,4197069000,Box 1117 Westminster College,New Wilmington,PA,16172,
Campbell,Mary,lcanhook@jumpstartlab.com,6469246000,MB 1616 Brandeis University,Waltham,MA,02454,
Joyce,Mary,fseff07438@jumpstartlab.com,5162338000,20 Court Street,Geneseo,NY,14454,
Schuster,Mary,eoiyu.xu@jumpstartlab.com,8579285000,45 Wyllys Ave,Middletown,CT,06459,
Grant,Mary,ogtedtle@jumpstartlab.com,7168619000,405 W Green St,Ithaca,NY,14850,
Jolly,Mary,fxmasterson@jumpstartlab.com,9566395000,520 Woodward Ave. Apt. 1634,Austin,TX,78704,
Corrado,Mary,rcblanton@jumpstartlab.com,2177782000,2 E. South Street K 1316,Galesburg,IL,61401,
Ther,Mary,hobdul27@jumpstartlab.com,2024942000,1858 California St. NW #41,Washington,DC,20009,
Coomer,Mary,oered.schor@jumpstartlab.com,0000000000,155 Indian Avenue,Lawrence,KS,66046,
Bell,Mary,cfeckerp@jumpstartlab.com,3016131000,x,x,MD,21216,
Skaggs,Mary,ijlldurrett@jumpstartlab.com,3016131000,x,x,MD,21216,
Shpino,Mary,nrr11388@jumpstartlab.com,7032098000,null,null,VA,24060,
Costantini,Mary,hvoe13@jumpstartlab.com,9522501000,Box 0336 Gettysburg College,Gettysburg,PA,17325,
Bastias,Mary,gorench@jumpstartlab.com,6177212000,28 state st. apt 2,Portland,ME,04101,
Gray,Mary,fuushma1@jumpstartlab.com,7168122000,3710 Main Street,Amherst,NY,14226,
Rodgers,Mary,ecbdulwa@jumpstartlab.com,4849953000,142 Mt. Philo Rd,Charlotte,VT,05445,
